query,ground_truth
"What is EOL, and why is it described as the ""core expression language"" that all other Epsilon languages are built on?","EOL (Epsilon Object Language) is the core expression language of Eclipse Epsilon. It provides the common expression syntax, statements, operations, collections, and model navigation facilities that are reused by other Epsilon languages such as ETL, EVL, EGL, and EGX, making it the foundation on which they are built."
What's the difference between the Elvis operator (?:) and the null-safe navigation operator (?.) in EOL? Give an example of each.,"The Elvis operator (?:) provides a default value when the left-hand expression is undefined or null, e.g. name := person.name ?: 'Unknown'. The null-safe navigation operator (?.) safely accesses a property or operation without throwing an error when the receiver is undefined, e.g. person?.manager?.name."
"What does an EOL module consist of (body, operations, imports), and how does an operation's context get defined?","An EOL module may contain imports, user-defined operations, and executable statements in the main body. Operations may be global or contextual. A contextual operation defines its context by specifying the type before the operation name (e.g. operation Person fullName())."
What is EGL used for in Epsilon?,"EGL (Epsilon Generation Language) is used for model-to-text generation. Content-destination decoupling means templates focus on producing content while the destination file is determined separately, allowing the same template to be reused for different output locations."
"What is a protected region in EGL, and what problem does it solve when regenerating code?","A protected region marks sections of generated output that are preserved across regeneration, allowing developers to keep manual edits while regenerating the remainder of the file."
How do you write an EGL template that mixes auto-generated content with hand-written code without it being overwritten on re-run?,"Use protected regions to designate sections of generated text as protected. When an EGL template is regenerated, the existing contents of protected regions are preserved instead of being overwritten."
"How does EGX differ from EGL, and why is EGX needed as a separate language?","EGL generates the content of individual files. EGX orchestrates generation by selecting templates, target files, and output locations for model elements, making large-scale multi-file generation easier."
"How does an EGX rule decide which EGL template to run for a given model element type (guards, target location)?",An EGX rule specifies the source element type and may use a guard to determine applicability. The rule identifies the EGL template and computes the target file location for each matching element.
Can you show an example of an EGX rule that generates output files to different paths depending on the element's type?,An EGX rule can use conditional logic in its target parameter (or multiple guarded rules) so different element types produce files in different directories while invoking the appropriate EGL template.
"What is EVL, and what is it used for?",EVL (Epsilon Validation Language) validates models by defining constraints over model elements. Constraints specify the target context together with validation logic and diagnostic information.
"What's the structure of a constraint in EVL (guard, check, message)?","A typical EVL constraint consists of an optional guard, a mandatory check expression, and a message describing the violation. Optional fix blocks may also be provided."
Does EVL support dependencies between constraints (e.g. having one constraint run before another)? How?,"Yes. EVL supports constraint dependencies so that one constraint can declare it depends on another, ensuring prerequisite constraints are evaluated first."
"What is ETL, and how does it support transforming many input models into many output models?",ETL (Epsilon Transformation Language) performs model-to-model transformation and supports multiple source and target models within the same transformation.
How does ETL support rule inheritance?,"ETL supports rule inheritance at two levels. At the rule level, a rule can extend one or more other rules using the ""extends"" keyword (e.g. rule TransformNode transform s : Source!Node to t : Target!Node extends TransformGraphElement { ... }). To be applicable to a given element, a rule must satisfy not only its own guard but also the guards of all the rules it extends (checked recursively). This lets shared setup logic be factored into an abstract ""super-rule"" and reused across multiple concrete rules. At the module level, an ETL module can import other ETL modules, in which case it inherits all the rules and pre/post blocks defined in the imported modules (recursively). If a local rule or pre/post block has the same name as an imported one, the local definition overrides the imported one."
"How can I create a YAML document with a mapping as the root node using the YAML EMC in EOL, and then append values to that mapping?","Use YAMLDoc.setRootAsMap() (equivalent to YAMLDoc.root.value = new MappingNode();) to set the document's root node to a mapping node. Then retrieve the root with YAMLDoc.getRoot() and call appendNode(node) on its .value to add key-value pairs into the mapping, e.g.: ```YAMLDoc.setRootAsMap(); \nvar root = YAMLDoc.getRoot();\nroot.value.appendNode(new ScalarNode(""country"", ""England""));\n root.value.appendNode(new ScalarNode(""resident"", true));``` Note: the official documentation shows the setRootAsMap()/root.value = new MappingNode() syntax in a separate section (""How do I set the root node of a YAML document?""), but its one full worked ""create from scratch"" example uses setRootAsList() as the root instead, with mapping nodes only appended as children further down. So the mapping-root pattern itself is documented, but there is no single full end-to-end example combining a mapping root with appendNode the way the list-root example does."
"How can I create programmatically the YAML document I provided as input, from scratch using the EMC YAML Driver? First, you should figure out what is the root node, either a list node and mapping node, and change the code correspondingly.\nbook:\n  title: The Quiet Harbour\n  author: Elena Marsh\n  yearPublished: 2019","The root node is a mapping node - a single top-level key (""book"") mapping to nested key-value pairs, not a list. Use YAMLDoc.setRootAsMap() to set the document's root to a mapping node, retrieve it with YAMLDoc.getRoot(), create a nested ""book"" MappingNode, populate it with ScalarNode entries via .value.appendNode(), then append ""book"" into the document root's .value, e.g.: ```YAMLDoc.setRootAsMap();\nvar root = YAMLDoc.getRoot();\nvar bookNode = new MappingNode(""book"");\nbookNode.value.appendNode(new ScalarNode(""title"", ""The Quiet Harbour""));\nbookNode.value.appendNode(new ScalarNode(""author"", ""Elena Marsh""));\nbookNode.value.appendNode(new ScalarNode(""yearPublished"", 2019));\nroot.value.appendNode(bookNode);```"
"How can I create programmatically the YAML document I provided as input, from scratch using the EMC YAML Driver? First, you should figure out what is the root node, either a list node and mapping node, and change the code correspondingly.\nstudents:\n  - id: S001\n    name: Grace Adeyemi\n    grade: A\n  - id: S002\n    name: Tom Fielding\n    grade: B\n  - id: S003\n    name: Priya Nair\n    grade: A-\n  - id: S004\n    name: Ollie Bennett\n    grade: C+","The root node is a mapping node - the document has a single top-level key (""students"") whose value is a list of mapping entries, so the root itself is a map, not a list. Use YAMLDoc.setRootAsMap(), retrieve the root with YAMLDoc.getRoot(), create a ListNode named ""students"" sized to the number of entries, and populate each row directly with appendNode() - rows created via the ListNode constructor act as anonymous mapping entries, so no .value is needed on the row itself - then append the ""students"" ListNode into the document root's .value, e.g.: ```YAMLDoc.setRootAsMap();\nvar root = YAMLDoc.getRoot();\nvar studentsNode = new ListNode(""students"", 4);\nstudentsNode.value.at(0).appendNode(new ScalarNode(""id"", ""S001""));\nstudentsNode.value.at(0).appendNode(new ScalarNode(""name"", ""Grace Adeyemi""));\nstudentsNode.value.at(0).appendNode(new ScalarNode(""grade"", ""A""));\nstudentsNode.value.at(1).appendNode(new ScalarNode(""id"", ""S002""));\nstudentsNode.value.at(1).appendNode(new ScalarNode(""name"", ""Tom Fielding""));\nstudentsNode.value.at(1).appendNode(new ScalarNode(""grade"", ""B""));\nstudentsNode.value.at(2).appendNode(new ScalarNode(""id"", ""S003""));\nstudentsNode.value.at(2).appendNode(new ScalarNode(""name"", ""Priya Nair""));\nstudentsNode.value.at(2).appendNode(new ScalarNode(""grade"", ""A-""));\nstudentsNode.value.at(3).appendNode(new ScalarNode(""id"", ""S004""));\nstudentsNode.value.at(3).appendNode(new ScalarNode(""name"", ""Ollie Bennett""));\nstudentsNode.value.at(3).appendNode(new ScalarNode(""grade"", ""C+""));\nroot.value.appendNode(studentsNode);```"
"How can I create programmatically the YAML document I provided as input, from scratch using the EMC YAML Driver? First, you should figure out what is the root node, either a list node and mapping node, and change the code correspondingly.\nfleetSummary:\n  totalVehicles: 4\n  activeVehicles: 3\n  totalMileageKm: 184320\n  avgFuelEfficiencyKmpl: 12.4\n  maintenanceDueCount: 1\n\nvehicles:\n  - vehicleId: VH-001\n    make: Ford\n    model: Transit Custom\n    registration: ""LN19 XKP""\n    location: {lat: 53.4808, lon: -2.2426}\n    engine:\n      type: diesel\n      diagnostics:\n        lastCheckedAt: ""2024-06-01T08:00:00Z""\n        sensorReadings:\n          oilPressureBar: 3.2\n          coolantTempC: 89\n          batteryVoltage: 12.6\n    maintenanceHistory:\n      - date: ""2024-01-15""\n        type: oil_change\n        mileageKm: 42100\n      - date: ""2024-04-20""\n        type: brake_inspection\n        mileageKm: 47850\n    status: active\n\n  - vehicleId: VH-002\n    make: Ford\n    model: Transit Custom\n    registration: ""LN19 XKR""\n    location: {lat: 53.4700, lon: -2.2300}\n    engine:\n      type: diesel\n      diagnostics:\n        lastCheckedAt: ""2024-05-28T08:00:00Z""\n        sensorReadings:\n          oilPressureBar: 2.1\n          coolantTempC: 97\n          batteryVoltage: 11.9\n    maintenanceHistory: []\n    status: maintenance_due\n\n  - vehicleId: VH-003\n    make: Mercedes-Benz\n    model: Sprinter\n    registration: ""MX20 BFG""\n    location: {lat: 53.4950, lon: -2.2100}\n    engine:\n      type: diesel\n      diagnostics:\n        lastCheckedAt: ""2024-06-10T08:00:00Z""\n        sensorReadings:\n          oilPressureBar: 3.5\n          coolantTempC: 85\n          batteryVoltage: 12.8\n    maintenanceHistory:\n      - date: ""2024-03-02""\n        type: tyre_replacement\n        mileageKm: 61200\n    status: active\n\n  - vehicleId: VH-004\n    make: Mercedes-Benz\n    model: Sprinter\n    registration: ""MX21 CDH""\n    location: null\n    engine:\n      type: electric\n      diagnostics:\n        lastCheckedAt: ""2024-06-05T08:00:00Z""\n        sensorReadings:\n          batteryStateOfHealthPct: 94\n          batteryVoltage: 398.2\n    maintenanceHistory: []\n    status: out_of_service","The root node is a mapping node - the top level has two sibling keys, ""fleetSummary"" and ""vehicles"", so the document root is a map (the list only appears one level down, as the value of ""vehicles""). Use YAMLDoc.setRootAsMap(), build ""fleetSummary"" as a MappingNode of scalars, and build ""vehicles"" as a ListNode of 4 mapping entries, populated with appendNode() directly on each row. VH-001 is shown fully below; the same pattern applies to vehiclesNode.value.at(1) through at(3), with three differences to reproduce faithfully: VH-004's ""location"" is null (use new ScalarNode(""location"", null) instead of a nested MappingNode), VH-002 and VH-004 have an empty maintenanceHistory (use new ListNode(""maintenanceHistory"", 0) with no rows to populate), and VH-004 is electric so its sensorReadings uses ""batteryStateOfHealthPct""/""batteryVoltage"" instead of ""oilPressureBar""/""coolantTempC"". Example: ```YAMLDoc.setRootAsMap();\nvar root = YAMLDoc.getRoot();\n\nvar fleetSummaryNode = new MappingNode(""fleetSummary"");\nfleetSummaryNode.value.appendNode(new ScalarNode(""totalVehicles"", 4));\nfleetSummaryNode.value.appendNode(new ScalarNode(""activeVehicles"", 3));\nfleetSummaryNode.value.appendNode(new ScalarNode(""totalMileageKm"", 184320));\nfleetSummaryNode.value.appendNode(new ScalarNode(""avgFuelEfficiencyKmpl"", 12.4));\nfleetSummaryNode.value.appendNode(new ScalarNode(""maintenanceDueCount"", 1));\nroot.value.appendNode(fleetSummaryNode);\n\nvar vehiclesNode = new ListNode(""vehicles"", 4);\nvar v1 = vehiclesNode.value.at(0);\nv1.appendNode(new ScalarNode(""vehicleId"", ""VH-001""));\nv1.appendNode(new ScalarNode(""make"", ""Ford""));\nv1.appendNode(new ScalarNode(""model"", ""Transit Custom""));\nv1.appendNode(new ScalarNode(""registration"", ""LN19 XKP""));\nvar v1Location = new MappingNode(""location"");\nv1Location.value.appendNode(new ScalarNode(""lat"", 53.4808));\nv1Location.value.appendNode(new ScalarNode(""lon"", -2.2426));\nv1.appendNode(v1Location);\nvar v1Engine = new MappingNode(""engine"");\nv1Engine.value.appendNode(new ScalarNode(""type"", ""diesel""));\nvar v1Diagnostics = new MappingNode(""diagnostics"");\nv1Diagnostics.value.appendNode(new ScalarNode(""lastCheckedAt"", ""2024-06-01T08:00:00Z""));\nvar v1Sensors = new MappingNode(""sensorReadings"");\nv1Sensors.value.appendNode(new ScalarNode(""oilPressureBar"", 3.2));\nv1Sensors.value.appendNode(new ScalarNode(""coolantTempC"", 89));\nv1Sensors.value.appendNode(new ScalarNode(""batteryVoltage"", 12.6));\nv1Diagnostics.value.appendNode(v1Sensors);\nv1Engine.value.appendNode(v1Diagnostics);\nv1.appendNode(v1Engine);\nvar v1History = new ListNode(""maintenanceHistory"", 2);\nv1History.value.at(0).appendNode(new ScalarNode(""date"", ""2024-01-15""));\nv1History.value.at(0).appendNode(new ScalarNode(""type"", ""oil_change""));\nv1History.value.at(0).appendNode(new ScalarNode(""mileageKm"", 42100));\nv1History.value.at(1).appendNode(new ScalarNode(""date"", ""2024-04-20""));\nv1History.value.at(1).appendNode(new ScalarNode(""type"", ""brake_inspection""));\nv1History.value.at(1).appendNode(new ScalarNode(""mileageKm"", 47850));\nv1.appendNode(v1History);\nv1.appendNode(new ScalarNode(""status"", ""active""));\n\nroot.value.appendNode(vehiclesNode);```"
"How can I create programmatically the YAML document I provided as input, from scratch using the EMC YAML Driver? First, you should figure out what is the root node, either a list node and mapping node, and change the code correspondingly.\n- orderId: ORD-20240613-88421\n  placedAt: ""2024-06-13T09:15:00Z""\n  status: partially_shipped\n\n  customer:\n    id: CUST-4421\n    name: Sophie Marchand\n    email: sophie.marchand@email.com\n    tier: gold\n    loyaltyPoints:\n      balance: 3420\n      earned_this_order: 85\n\n  shipping:\n    address:\n      line1: 14 Rue de Rivoli\n      line2: Apt 3B\n      city: Paris\n      postcode: ""75001""\n      country: FR\n    method: express_48h\n    estimatedDelivery: ""2024-06-15""\n    tracking:\n      - parcelId: PKG-001\n        carrier: DHL\n        status: in_transit\n        items:\n          - SKU-992\n          - SKU-993\n      - parcelId: PKG-002\n        carrier: Colissimo\n        status: preparing\n        items:\n          - SKU-1041\n\n  billing:\n    sameAsShipping: false\n    address:\n      line1: 7 Boulevard Haussmann\n      city: Paris\n      postcode: ""75009""\n      country: FR\n\n  items:\n    - sku: SKU-992\n      name: Wireless Noise-Cancelling Headphones\n      qty: 1\n      unitPrice: 189.99\n      discount:\n        type: percentage\n        value: 10\n      finalPrice: 170.99\n    - sku: SKU-993\n      name: USB-C Charging Cable (2m)\n      qty: 3\n      unitPrice: 12.50\n      discount: null\n      finalPrice: 37.50\n    - sku: SKU-1041\n      name: Laptop Stand (Aluminium)\n      qty: 1\n      unitPrice: 54.00\n      discount:\n        type: fixed\n        value: 5.00\n      finalPrice: 49.00\n\n  payment:\n    method: card\n    card:\n      last4: ""7823""\n      brand: Visa\n      expiresAt: ""2026-09""\n    breakdown:\n      subtotal: 257.49\n      shipping: 4.99\n      tax: 25.75\n      loyaltyDiscount: -17.10\n      total: 271.13\n    status: captured\n\n- orderId: ORD-20250722-55381\n  placedAt: ""2025-07-22T14:45:00Z""\n  status: delivered\n\n  customer:\n    id: CUST-9875\n    name: Michael Turner\n    email: michael.turner@example.com\n    tier: platinum\n    loyaltyPoints:\n      balance: 7850\n      earned_this_order: 220\n\n  shipping:\n    address:\n      line1: 88 King Street\n      line2: Suite 12\n      city: Manchester\n      postcode: ""M2 4WQ""\n      country: UK\n    method: next_day_delivery\n    estimatedDelivery: ""2025-07-23""\n    tracking:\n      - parcelId: PAR-78101\n        carrier: DPD\n        status: delivered\n        items:\n          - SKU-BALL-001\n          - SKU-GLOVE-002\n\n      - parcelId: PAR-78102\n        carrier: Royal Mail\n        status: delivered\n        items:\n          - SKU-BAG-005\n\n  billing:\n    sameAsShipping: true\n    address:\n      line1: 88 King Street\n      city: Manchester\n      postcode: ""M2 4WQ""\n      country: UK\n\n  items:\n    - sku: SKU-BALL-001\n      name: Professional Football\n      qty: 2\n      unitPrice: 34.99\n      discount:\n        type: percentage\n        value: 15\n      finalPrice: 59.48\n\n    - sku: SKU-GLOVE-002\n      name: Goalkeeper Gloves Pro\n      qty: 1\n      unitPrice: 49.99\n      discount:\n        type: fixed\n        value: 5.00\n      finalPrice: 44.99\n\n    - sku: SKU-BAG-005\n      name: Sports Equipment Bag\n      qty: 1\n      unitPrice: 39.99\n      discount: null\n      finalPrice: 39.99\n\n  payment:\n    method: paypal\n\n    card:\n      last4: ""0000""\n      brand: PayPal\n      expiresAt: null\n\n    breakdown:\n      subtotal: 144.96\n      shipping: 6.99\n      tax: 30.39\n      loyaltyDiscount: -20.00\n      total: 162.34\n\n    status: completed","The root node is a list node - the document is a top-level sequence of two order records, not a single mapping. Use YAMLDoc.setRootAsList(), call root.value.addRows(2) to create the two order rows, then populate each row directly with appendNode() (each row is an anonymous mapping entry). Order 1 (ORD-20240613-88421) is built fully below on order1 = root.value.at(0); order2 = root.value.at(1) follows the identical nested appendNode pattern, with these differences to reproduce faithfully: customer.tier is ""platinum"" with different loyaltyPoints values; shipping.address has no ""line2"" key at all (simply omit that appendNode call rather than using null); billing.sameAsShipping is true and billing.address duplicates the shipping address; all 3 items have a non-null ""discount"" mapping (no ScalarNode(..., null) needed); and payment.method is ""paypal"", with card.last4 ""0000"", card.brand ""PayPal"", and card.expiresAt null (use new ScalarNode(""expiresAt"", null)). Example: ```YAMLDoc.setRootAsList();\nvar root = YAMLDoc.getRoot();\nroot.value.addRows(2);\nvar order1 = root.value.at(0);\n\norder1.appendNode(new ScalarNode(""orderId"", ""ORD-20240613-88421""));\norder1.appendNode(new ScalarNode(""placedAt"", ""2024-06-13T09:15:00Z""));\norder1.appendNode(new ScalarNode(""status"", ""partially_shipped""));\n\nvar customer1 = new MappingNode(""customer"");\ncustomer1.value.appendNode(new ScalarNode(""id"", ""CUST-4421""));\ncustomer1.value.appendNode(new ScalarNode(""name"", ""Sophie Marchand""));\ncustomer1.value.appendNode(new ScalarNode(""email"", ""sophie.marchand@email.com""));\ncustomer1.value.appendNode(new ScalarNode(""tier"", ""gold""));\nvar loyalty1 = new MappingNode(""loyaltyPoints"");\nloyalty1.value.appendNode(new ScalarNode(""balance"", 3420));\nloyalty1.value.appendNode(new ScalarNode(""earned_this_order"", 85));\ncustomer1.value.appendNode(loyalty1);\norder1.appendNode(customer1);\n\nvar shipping1 = new MappingNode(""shipping"");\nvar shipAddr1 = new MappingNode(""address"");\nshipAddr1.value.appendNode(new ScalarNode(""line1"", ""14 Rue de Rivoli""));\nshipAddr1.value.appendNode(new ScalarNode(""line2"", ""Apt 3B""));\nshipAddr1.value.appendNode(new ScalarNode(""city"", ""Paris""));\nshipAddr1.value.appendNode(new ScalarNode(""postcode"", ""75001""));\nshipAddr1.value.appendNode(new ScalarNode(""country"", ""FR""));\nshipping1.value.appendNode(shipAddr1);\nshipping1.value.appendNode(new ScalarNode(""method"", ""express_48h""));\nshipping1.value.appendNode(new ScalarNode(""estimatedDelivery"", ""2024-06-15""));\nvar tracking1 = new ListNode(""tracking"", 2);\ntracking1.value.at(0).appendNode(new ScalarNode(""parcelId"", ""PKG-001""));\ntracking1.value.at(0).appendNode(new ScalarNode(""carrier"", ""DHL""));\ntracking1.value.at(0).appendNode(new ScalarNode(""status"", ""in_transit""));\nvar items1a = new ListNode(""items"", 2);\nitems1a.value = Sequence{""SKU-992"", ""SKU-993""};\ntracking1.value.at(0).appendNode(items1a);\ntracking1.value.at(1).appendNode(new ScalarNode(""parcelId"", ""PKG-002""));\ntracking1.value.at(1).appendNode(new ScalarNode(""carrier"", ""Colissimo""));\ntracking1.value.at(1).appendNode(new ScalarNode(""status"", ""preparing""));\nvar items1b = new ListNode(""items"", 1);\nitems1b.value = Sequence{""SKU-1041""};\ntracking1.value.at(1).appendNode(items1b);\nshipping1.value.appendNode(tracking1);\norder1.appendNode(shipping1);\n\nvar billing1 = new MappingNode(""billing"");\nbilling1.value.appendNode(new ScalarNode(""sameAsShipping"", false));\nvar billAddr1 = new MappingNode(""address"");\nbillAddr1.value.appendNode(new ScalarNode(""line1"", ""7 Boulevard Haussmann""));\nbillAddr1.value.appendNode(new ScalarNode(""city"", ""Paris""));\nbillAddr1.value.appendNode(new ScalarNode(""postcode"", ""75009""));\nbillAddr1.value.appendNode(new ScalarNode(""country"", ""FR""));\nbilling1.value.appendNode(billAddr1);\norder1.appendNode(billing1);\n\nvar orderItems1 = new ListNode(""items"", 3);\nvar it1 = orderItems1.value.at(0);\nit1.appendNode(new ScalarNode(""sku"", ""SKU-992""));\nit1.appendNode(new ScalarNode(""name"", ""Wireless Noise-Cancelling Headphones""));\nit1.appendNode(new ScalarNode(""qty"", 1));\nit1.appendNode(new ScalarNode(""unitPrice"", 189.99));\nvar disc1 = new MappingNode(""discount"");\ndisc1.value.appendNode(new ScalarNode(""type"", ""percentage""));\ndisc1.value.appendNode(new ScalarNode(""value"", 10));\nit1.appendNode(disc1);\nit1.appendNode(new ScalarNode(""finalPrice"", 170.99));\nvar it2 = orderItems1.value.at(1);\nit2.appendNode(new ScalarNode(""sku"", ""SKU-993""));\nit2.appendNode(new ScalarNode(""name"", ""USB-C Charging Cable (2m)""));\nit2.appendNode(new ScalarNode(""qty"", 3));\nit2.appendNode(new ScalarNode(""unitPrice"", 12.50));\nit2.appendNode(new ScalarNode(""discount"", null));\nit2.appendNode(new ScalarNode(""finalPrice"", 37.50));\nvar it3 = orderItems1.value.at(2);\nit3.appendNode(new ScalarNode(""sku"", ""SKU-1041""));\nit3.appendNode(new ScalarNode(""name"", ""Laptop Stand (Aluminium)""));\nit3.appendNode(new ScalarNode(""qty"", 1));\nit3.appendNode(new ScalarNode(""unitPrice"", 54.00));\nvar disc3 = new MappingNode(""discount"");\ndisc3.value.appendNode(new ScalarNode(""type"", ""fixed""));\ndisc3.value.appendNode(new ScalarNode(""value"", 5.00));\nit3.appendNode(disc3);\nit3.appendNode(new ScalarNode(""finalPrice"", 49.00));\norder1.appendNode(orderItems1);\n\nvar payment1 = new MappingNode(""payment"");\npayment1.value.appendNode(new ScalarNode(""method"", ""card""));\nvar card1 = new MappingNode(""card"");\ncard1.value.appendNode(new ScalarNode(""last4"", ""7823""));\ncard1.value.appendNode(new ScalarNode(""brand"", ""Visa""));\ncard1.value.appendNode(new ScalarNode(""expiresAt"", ""2026-09""));\npayment1.value.appendNode(card1);\nvar breakdown1 = new MappingNode(""breakdown"");\nbreakdown1.value.appendNode(new ScalarNode(""subtotal"", 257.49));\nbreakdown1.value.appendNode(new ScalarNode(""shipping"", 4.99));\nbreakdown1.value.appendNode(new ScalarNode(""tax"", 25.75));\nbreakdown1.value.appendNode(new ScalarNode(""loyaltyDiscount"", -17.10));\nbreakdown1.value.appendNode(new ScalarNode(""total"", 271.13));\npayment1.value.appendNode(breakdown1);\npayment1.value.appendNode(new ScalarNode(""status"", ""captured""));\norder1.appendNode(payment1);```"
"How can I create programmatically the YAML document I provided as input, from scratch using the EMC YAML Driver? First, you should figure out what is the root node, either a list node and mapping node, and change the code correspondingly.\n- restaurant:\n    id: REST-00221\n    name: Ember & Spice\n    cuisine: Modern Southeast Asian Fusion\n    priceRange: ""££££""\n    currency: GBP\n    address: ""12 Charlotte Street, London, W1T 2NE""\n    openingHours:\n      Mon: closed\n      Tue-Thu: ""12:00-15:00, 18:00-22:30""\n      Fri-Sat: ""12:00-15:30, 18:00-23:00""\n      Sun: ""13:00-21:00""\n    serviceCharge: 0.125\n\n  allergens:\n    - gluten\n    - crustaceans\n    - eggs\n    - fish\n    - peanuts\n    - soya\n    - milk\n    - nuts\n    - celery\n    - mustard\n    - sesame\n    - sulphites\n    - lupin\n    - molluscs\n\n  dietaryIcons:\n    VG: Vegan\n    V: Vegetarian\n    GF: Gluten-Free\n    DF: Dairy-Free\n    H: Halal\n    N: Contains Nuts\n\n  menu:\n    sections:\n      - id: S01\n        name: Small Plates\n        nameLocal:\n          th: ""อาหารจานเล็ก""\n          zh: ""小食""\n        items:\n          - id: IT-101\n            name: Betel Leaf Bites\n            description: Wild betel leaf, tiger prawn, toasted coconut, lime, bird's eye chilli\n            price: 12.50\n            dietary:\n              - GF\n              - DF\n            allergens:\n              - crustaceans\n              - fish\n            popular: true\n            portionSize: 4 pieces\n\n          - id: IT-102\n            name: Smoked Duck Salad\n            description: Confit duck, green mango, shallot, mint, tamarind dressing, crushed peanuts\n            price: 14.00\n            dietary:\n              - GF\n              - DF\n            allergens:\n              - peanuts\n              - sesame\n              - fish\n            popular: false\n            portionSize: null\n\n          - id: IT-103\n            name: Crispy Tofu Skewers\n            description: Silken tofu, satay glaze, cucumber relish, sesame\n            price: 9.50\n            dietary:\n              - VG\n              - GF\n            allergens:\n              - soya\n              - peanuts\n              - sesame\n            popular: false\n\n      - id: S02\n        name: Mains\n        nameLocal:\n          th: ""อาหารจานหลัก""\n          zh: ""主菜""\n        items:\n          - id: IT-201\n            name: Massaman Lamb Shank\n            description: 12-hour braised lamb, massaman curry, roti, pickled shallots\n            price: 32.00\n            dietary:\n              - H\n            allergens:\n              - gluten\n              - peanuts\n              - milk\n            modifierGroups:\n              - name: Spice Level\n                required: true\n                options:\n                  - label: Mild\n                    priceDelta: 0\n                  - label: Medium\n                    priceDelta: 0\n                  - label: Hot\n                    priceDelta: 0\n                  - label: Extra Hot\n                    priceDelta: 0\n\n              - name: Side\n                required: false\n                options:\n                  - label: Steamed Jasmine Rice\n                    priceDelta: 0\n                  - label: Coconut Rice\n                    priceDelta: 1.50\n                  - label: Roti (2 pcs)\n                    priceDelta: 2.00\n\n          - id: IT-202\n            name: Sea Bass Laksa\n            description: Seabass fillet, laksa broth, rice vermicelli, prawns, egg, bean sprouts, chilli oil\n            price: 28.00\n            dietary:\n              - GF\n              - DF\n            allergens:\n              - fish\n              - crustaceans\n              - eggs\n              - sesame\n            modifierGroups:\n              - name: Protein\n                required: false\n                options:\n                  - label: As described (Sea Bass + Prawns)\n                    priceDelta: 0\n                  - label: Vegan (Tofu + King Oyster Mushroom)\n                    priceDelta: -2.00\n                    dietary:\n                      - VG\n\n          - id: IT-203\n            name: Wagyu Beef Rendang\n            description: Wagyu cheek, rendang paste, kaffir lime, coconut, crispy shallots, steamed rice\n            price: 38.00\n            dietary:\n              - GF\n              - DF\n              - H\n            allergens:\n              - peanuts\n              - fish\n              - sesame\n            popular: true\n\n      - id: S03\n        name: Desserts\n        nameLocal:\n          th: ""ของหวาน""\n          zh: ""甜品""\n        items:\n          - id: IT-301\n            name: Pandan Crème Brûlée\n            description: Silky pandan-infused custard, caramelised sugar, sesame tuile\n            price: 10.00\n            dietary:\n              - GF\n              - V\n            allergens:\n              - eggs\n              - milk\n              - sesame\n\n          - id: IT-302\n            name: Mango Sticky Rice\n            description: Glutinous rice, fresh Alphonso mango, coconut cream, crispy mung beans\n            price: 9.00\n            dietary:\n              - VG\n              - GF\n              - DF\n            allergens: []\n            popular: true\n\n  drinks:\n    nonAlcoholic:\n      - name: Thai Iced Tea\n        price: 5.50\n        dietary:\n          - V\n\n      - name: Pandan Lemonade\n        price: 5.00\n        dietary:\n          - VG\n          - GF\n\n    wine:\n      byGlass:\n        - name: ""Picpoul de Pinet, Domaine de Thau 2022""\n          style: white_dry\n          region: Languedoc, France\n          glass: 9.50\n          bottle: 38.00\n\n      byBottle:\n        - name: ""Cloudy Bay Sauvignon Blanc 2023""\n          style: white_dry\n          region: Marlborough, New Zealand\n          bottle: 62.00","The root node is a list node containing a single entry (the top level starts with ""- restaurant:""), and that one entry is a mapping with five top-level keys: ""restaurant"", ""allergens"", ""dietaryIcons"", ""menu"", and ""drinks"". Use YAMLDoc.setRootAsList(), call root.value.addRows(1) for the single row, then build each of the five keys with appendNode() directly on that row. Key patterns demonstrated: ""restaurant"" is a MappingNode of scalars plus a nested ""openingHours"" MappingNode; ""allergens"" is a ListNode of plain scalar strings set via .value = Sequence{...}; ""dietaryIcons"" is a MappingNode whose entries are all scalar key-value pairs (icon code to label); ""menu"" contains a ""sections"" ListNode of mapping entries, each with an ""id"", ""name"", nested ""nameLocal"" MappingNode, and an ""items"" ListNode of mapping entries (item IT-102 shows portionSize as explicitly null); and ""drinks"" contains a ""nonAlcoholic"" ListNode and a nested ""wine"" MappingNode holding ""byGlass"" and ""byBottle"" ListNodes. Section S01 (Small Plates) is fully built below; sections S02 (Mains) and S03 (Desserts) follow the identical id/name/nameLocal/items pattern, populated at sectionsNode.value.at(1) and at(2), with two additional structures appearing inside S02's items (e.g. IT-201 Massaman Lamb Shank): a ""modifierGroups"" ListNode of mapping entries (each with ""name"", a ""required"" boolean, and an ""options"" ListNode of mapping entries with ""label"" and ""priceDelta"", built with the exact same nested ListNode/appendNode pattern shown for ""items""), and an empty ""allergens"" list on Mango Sticky Rice (IT-302), built as new ListNode(""allergens"", 0) with no rows to populate. Example: ```YAMLDoc.setRootAsList();\nvar root = YAMLDoc.getRoot();\nroot.value.addRows(1);\nvar row = root.value.at(0);\n\nvar restaurantNode = new MappingNode(""restaurant"");\nrestaurantNode.value.appendNode(new ScalarNode(""id"", ""REST-00221""));\nrestaurantNode.value.appendNode(new ScalarNode(""name"", ""Ember & Spice""));\nrestaurantNode.value.appendNode(new ScalarNode(""cuisine"", ""Modern Southeast Asian Fusion""));\nrestaurantNode.value.appendNode(new ScalarNode(""priceRange"", ""££££""));\nrestaurantNode.value.appendNode(new ScalarNode(""currency"", ""GBP""));\nrestaurantNode.value.appendNode(new ScalarNode(""address"", ""12 Charlotte Street, London, W1T 2NE""));\nvar openingHours = new MappingNode(""openingHours"");\nopeningHours.value.appendNode(new ScalarNode(""Mon"", ""closed""));\nopeningHours.value.appendNode(new ScalarNode(""Tue-Thu"", ""12:00-15:00, 18:00-22:30""));\nopeningHours.value.appendNode(new ScalarNode(""Fri-Sat"", ""12:00-15:30, 18:00-23:00""));\nopeningHours.value.appendNode(new ScalarNode(""Sun"", ""13:00-21:00""));\nrestaurantNode.value.appendNode(openingHours);\nrestaurantNode.value.appendNode(new ScalarNode(""serviceCharge"", 0.125));\nrow.appendNode(restaurantNode);\n\nvar allergensNode = new ListNode(""allergens"", 14);\nallergensNode.value = Sequence{""gluten"", ""crustaceans"", ""eggs"", ""fish"", ""peanuts"", ""soya"", ""milk"", ""nuts"", ""celery"", ""mustard"", ""sesame"", ""sulphites"", ""lupin"", ""molluscs""};\nrow.appendNode(allergensNode);\n\nvar dietaryIconsNode = new MappingNode(""dietaryIcons"");\ndietaryIconsNode.value.appendNode(new ScalarNode(""VG"", ""Vegan""));\ndietaryIconsNode.value.appendNode(new ScalarNode(""V"", ""Vegetarian""));\ndietaryIconsNode.value.appendNode(new ScalarNode(""GF"", ""Gluten-Free""));\ndietaryIconsNode.value.appendNode(new ScalarNode(""DF"", ""Dairy-Free""));\ndietaryIconsNode.value.appendNode(new ScalarNode(""H"", ""Halal""));\ndietaryIconsNode.value.appendNode(new ScalarNode(""N"", ""Contains Nuts""));\nrow.appendNode(dietaryIconsNode);\n\nvar menuNode = new MappingNode(""menu"");\nvar sectionsNode = new ListNode(""sections"", 3);\nvar s01 = sectionsNode.value.at(0);\ns01.appendNode(new ScalarNode(""id"", ""S01""));\ns01.appendNode(new ScalarNode(""name"", ""Small Plates""));\nvar s01Local = new MappingNode(""nameLocal"");\ns01Local.value.appendNode(new ScalarNode(""th"", ""อาหารจานเล็ก""));\ns01Local.value.appendNode(new ScalarNode(""zh"", ""小食""));\ns01.appendNode(s01Local);\nvar s01Items = new ListNode(""items"", 3);\nvar it101 = s01Items.value.at(0);\nit101.appendNode(new ScalarNode(""id"", ""IT-101""));\nit101.appendNode(new ScalarNode(""name"", ""Betel Leaf Bites""));\nit101.appendNode(new ScalarNode(""description"", ""Wild betel leaf, tiger prawn, toasted coconut, lime, birds eye chilli""));\nit101.appendNode(new ScalarNode(""price"", 12.50));\nvar it101Dietary = new ListNode(""dietary"", 2);\nit101Dietary.value = Sequence{""GF"", ""DF""};\nit101.appendNode(it101Dietary);\nvar it101Allergens = new ListNode(""allergens"", 2);\nit101Allergens.value = Sequence{""crustaceans"", ""fish""};\nit101.appendNode(it101Allergens);\nit101.appendNode(new ScalarNode(""popular"", true));\nit101.appendNode(new ScalarNode(""portionSize"", ""4 pieces""));\nvar it102 = s01Items.value.at(1);\nit102.appendNode(new ScalarNode(""id"", ""IT-102""));\nit102.appendNode(new ScalarNode(""name"", ""Smoked Duck Salad""));\nit102.appendNode(new ScalarNode(""description"", ""Confit duck, green mango, shallot, mint, tamarind dressing, crushed peanuts""));\nit102.appendNode(new ScalarNode(""price"", 14.00));\nvar it102Dietary = new ListNode(""dietary"", 2);\nit102Dietary.value = Sequence{""GF"", ""DF""};\nit102.appendNode(it102Dietary);\nvar it102Allergens = new ListNode(""allergens"", 3);\nit102Allergens.value = Sequence{""peanuts"", ""sesame"", ""fish""};\nit102.appendNode(it102Allergens);\nit102.appendNode(new ScalarNode(""popular"", false));\nit102.appendNode(new ScalarNode(""portionSize"", null));\nvar it103 = s01Items.value.at(2);\nit103.appendNode(new ScalarNode(""id"", ""IT-103""));\nit103.appendNode(new ScalarNode(""name"", ""Crispy Tofu Skewers""));\nit103.appendNode(new ScalarNode(""description"", ""Silken tofu, satay glaze, cucumber relish, sesame""));\nit103.appendNode(new ScalarNode(""price"", 9.50));\nvar it103Dietary = new ListNode(""dietary"", 2);\nit103Dietary.value = Sequence{""VG"", ""GF""};\nit103.appendNode(it103Dietary);\nvar it103Allergens = new ListNode(""allergens"", 3);\nit103Allergens.value = Sequence{""soya"", ""peanuts"", ""sesame""};\nit103.appendNode(it103Allergens);\ns01.appendNode(s01Items);\nmenuNode.value.appendNode(sectionsNode);\nrow.appendNode(menuNode);\n\nvar drinksNode = new MappingNode(""drinks"");\nvar nonAlcoholicNode = new ListNode(""nonAlcoholic"", 2);\nvar tea = nonAlcoholicNode.value.at(0);\ntea.appendNode(new ScalarNode(""name"", ""Thai Iced Tea""));\ntea.appendNode(new ScalarNode(""price"", 5.50));\nvar teaDietary = new ListNode(""dietary"", 1);\nteaDietary.value = Sequence{""V""};\ntea.appendNode(teaDietary);\nvar lemonade = nonAlcoholicNode.value.at(1);\nlemonade.appendNode(new ScalarNode(""name"", ""Pandan Lemonade""));\nlemonade.appendNode(new ScalarNode(""price"", 5.00));\nvar lemonadeDietary = new ListNode(""dietary"", 2);\nlemonadeDietary.value = Sequence{""VG"", ""GF""};\nlemonade.appendNode(lemonadeDietary);\ndrinksNode.value.appendNode(nonAlcoholicNode);\nvar wineNode = new MappingNode(""wine"");\nvar byGlassNode = new ListNode(""byGlass"", 1);\nvar glassWine = byGlassNode.value.at(0);\nglassWine.appendNode(new ScalarNode(""name"", ""Picpoul de Pinet, Domaine de Thau 2022""));\nglassWine.appendNode(new ScalarNode(""style"", ""white_dry""));\nglassWine.appendNode(new ScalarNode(""region"", ""Languedoc, France""));\nglassWine.appendNode(new ScalarNode(""glass"", 9.50));\nglassWine.appendNode(new ScalarNode(""bottle"", 38.00));\nwineNode.value.appendNode(byGlassNode);\nvar byBottleNode = new ListNode(""byBottle"", 1);\nvar bottleWine = byBottleNode.value.at(0);\nbottleWine.appendNode(new ScalarNode(""name"", ""Cloudy Bay Sauvignon Blanc 2023""));\nbottleWine.appendNode(new ScalarNode(""style"", ""white_dry""));\nbottleWine.appendNode(new ScalarNode(""region"", ""Marlborough, New Zealand""));\nbottleWine.appendNode(new ScalarNode(""bottle"", 62.00));\nwineNode.value.appendNode(byBottleNode);\ndrinksNode.value.appendNode(wineNode);\nrow.appendNode(drinksNode);```"